year,province,gdp
1949,北京,2.8
1949,天津,4.1
1949,河北,0
1949,山西,0
1949,内蒙古,0
1949,辽宁,0
1949,吉林,0
1949,黑龙江,0
1949,上海,20.3
1949,江苏,0
1949,浙江,0
1949,安徽,0
1949,福建,0
1949,江西,9.1
1949,山东,0
1949,河南,20.9
1949,湖北,0
1949,湖南,0
1949,广东,20.3
1949,广西,0
1949,海南,0
1949,重庆,13.9
1949,四川,0
1949,贵州,6.2
1949,云南,8.9
1949,西藏,0
1949,陕西,0
1949,甘肃,0
1949,青海,1.2
1949,宁夏,0
1949,新疆,0
1950,北京,4.6
1950,天津,7.6
1950,河北,0
1950,山西,0
1950,内蒙古,0
1950,辽宁,0
1950,吉林,0
1950,黑龙江,0
1950,上海,22.4
1950,江苏,0
1950,浙江,17.4
1950,安徽,0
1950,福建,0
1950,江西,14.1
1950,山东,0
1950,河南,14.6
1950,湖北,0
1950,湖南,0
1950,广东,22.2
1950,广西,9.4
1950,海南,0
1950,重庆,15.0
1950,四川,0
1950,贵州,6.4
1950,云南,9.5
1950,西藏,0
1950,陕西,0
1950,甘肃,0
1950,青海,1.3
1950,宁夏,0
1950,新疆,0
1951,北京,7.7
1951,天津,11.5
1951,河北,0
1951,山西,0
1951,内蒙古,0
1951,辽宁,0
1951,吉林,0
1951,黑龙江,0
1951,上海,31.5
1951,江苏,0
1951,浙江,21.1
1951,安徽,0
1951,福建,0
1951,江西,15.2
1951,山东,0
1951,河南,32.9
1951,湖北,0
1951,湖南,0
1951,广东,25.7
1951,广西,11.0
1951,海南,0
1951,重庆,15.9
1951,四川,0
1951,贵州,7.7
1951,云南,10.5
1951,西藏,1.3
1951,陕西,0
1951,甘肃,0
1951,青海,1.5
1951,宁夏,0
1951,新疆,0
1952,北京,7.9
1952,天津,12.8
1952,河北,40.5
1952,山西,16.0
1952,内蒙古,12.2
1952,辽宁,41.4
1952,吉林,16.6
1952,黑龙江,26.0
1952,上海,36.7
1952,江苏,48.4
1952,浙江,24.5
1952,安徽,22.9
1952,福建,12.7
1952,江西,18.9
1952,山东,43.8
1952,河南,36.1
1952,湖北,24.5
1952,湖南,27.8
1952,广东,29.5
1952,广西,12.8
1952,海南,0
1952,重庆,17.9
1952,四川,24.6
1952,贵州,8.6
1952,云南,11.8
1952,西藏,1.3
1952,陕西,12.9
1952,甘肃,13.3
1952,青海,1.6
1952,宁夏,1.7
1952,新疆,7.9
1953,北京,19.3
1953,天津,17.6
1953,河北,42.5
1953,山西,19.9
1953,内蒙古,15.6
1953,辽宁,52.9
1953,吉林,19.0
1953,黑龙江,32.0
1953,上海,51.7
1953,江苏,53.4
1953,浙江,27.2
1953,安徽,27.0
1953,福建,14.4
1953,江西,19.7
1953,山东,45.8
1953,河南,41.3
1953,湖北,30.2
1953,湖南,30.3
1953,广东,41.2
1953,广西,14.2
1953,海南,0
1953,重庆,21.1
1953,四川,28.0
1953,贵州,10.0
1953,云南,14.9
1953,西藏,1.4
1953,陕西,17.4
1953,甘肃,13.9
1953,青海,1.7
1953,宁夏,1.7
1953,新疆,8.7
1954,北京,21.1
1954,天津,17.0
1954,河北,45.3
1954,山西,21.9
1954,内蒙古,19.5
1954,辽宁,56.9
1954,吉林,20.4
1954,黑龙江,36.7
1954,上海,54.7
1954,江苏,53.8
1954,浙江,28.7
1954,安徽,27.7
1954,福建,14.9
1954,江西,20.7
1954,山东,53.0
1954,河南,44.0
1954,湖北,25.5
1954,湖南,30.5
1954,广东,46.8
1954,广西,16.2
1954,海南,0
1954,重庆,22.5
1954,四川,32.1
1954,贵州,11.1
1954,云南,17.0
1954,西藏,1.4
1954,陕西,20.0
1954,甘肃,16.3
1954,青海,2.4
1954,宁夏,2.1
1954,新疆,10.5
1955,北京,23.9
1955,天津,17.1
1955,河北,49.2
1955,山西,23.9
1955,内蒙古,17.5
1955,辽宁,59.4
1955,吉林,21.1
1955,黑龙江,38.2
1955,上海,53.6
1955,江苏,59.0
1955,浙江,30.5
1955,安徽,37.1
1955,福建,16.5
1955,江西,21.9
1955,山东,57.8
1955,河南,46.5
1955,湖北,34.1
1955,湖南,35.8
1955,广东,47.6
1955,广西,17.4
1955,海南,0
1955,重庆,23.0
1955,四川,36.7
1955,贵州,11.6
1955,云南,18.3
1955,西藏,1.4
1955,陕西,20.6
1955,甘肃,17.8
1955,青海,2.9
1955,宁夏,2.2
1955,新疆,12.3
1956,北京,26.8
1956,天津,20.7
1956,河北,49.8
1956,山西,28.4
1956,内蒙古,24.6
1956,辽宁,72.0
1956,吉林,24.6
1956,黑龙江,42.2
1956,上海,63.6
1956,江苏,61.9
1956,浙江,33.5
1956,安徽,35.3
1956,福建,20.8
1956,江西,22.0
1956,山东,63.1
1956,河南,48.1
1956,湖北,44.6
1956,湖南,37.9
1956,广东,53.0
1956,广西,19.5
1956,海南,0
1956,重庆,26.0
1956,四川,44.1
1956,贵州,14.7
1956,云南,21.3
1956,西藏,1.6
1956,陕西,27.1
1956,甘肃,21.2
1956,青海,3.8
1956,宁夏,2.6
1956,新疆,14.1
1957,北京,32.8
1957,天津,24.1
1957,河北,52.3
1957,山西,29.2
1957,内蒙古,21.3
1957,辽宁,78.7
1957,吉林,25.2
1957,黑龙江,44.4
1957,上海,69.6
1957,江苏,65.1
1957,浙江,37.3
1957,安徽,41.4
1957,福建,22.0
1957,江西,27.7
1957,山东,61.4
1957,河南,52.6
1957,湖北,48.9
1957,湖南,45.2
1957,广东,58.6
1957,广西,21.6
1957,海南,0
1957,重庆,26.1
1957,四川,52.4
1957,贵州,16.3
1957,云南,22.5
1957,西藏,1.6
1957,陕西,25.6
1957,甘肃,20.1
1957,青海,4.0
1957,宁夏,2.6
1957,新疆,14.7
1958,北京,34.5
1958,天津,32.5
1958,河北,63.6
1958,山西,39.5
1958,内蒙古,28.1
1958,辽宁,105.6
1958,吉林,31.2
1958,黑龙江,61.6
1958,上海,95.6
1958,江苏,75.3
1958,浙江,43.8
1958,安徽,51.4
1958,福建,24.4
1958,江西,31.2
1958,山东,73.0
1958,河南,60.8
1958,湖北,61.5
1958,湖南,55.9
1958,广东,67.1
1958,广西,24.5
1958,海南,0
1958,重庆,34.1
1958,四川,62.2
1958,贵州,20.4
1958,云南,23.2
1958,西藏,1.7
1958,陕西,31.0
1958,甘肃,22.8
1958,青海,4.9
1958,宁夏,3.3
1958,新疆,16.9
1959,北京,46.3
1959,天津,41.3
1959,河北,74.2
1959,山西,48.3
1959,内蒙古,35.8
1959,辽宁,136.7
1959,吉林,37.2
1959,黑龙江,73.5
1959,上海,128.5
1959,江苏,79.6
1959,浙江,47.4
1959,安徽,58.0
1959,福建,29.2
1959,江西,34.6
1959,山东,76.0
1959,河南,64.0
1959,湖北,64.2
1959,湖南,62.0
1959,广东,73.5
1959,广西,26.8
1959,海南,0
1959,重庆,37.2
1959,四川,56.0
1959,贵州,23.5
1959,云南,25.4
1959,西藏,1.7
1959,陕西,35.6
1959,甘肃,23.7
1959,青海,6.9
1959,宁夏,4.4
1959,新疆,21.4
1960,北京,57.5
1960,天津,42.7
1960,河北,73.4
1960,山西,50.2
1960,内蒙古,36.6
1960,辽宁,158.1
1960,吉林,41.8
1960,黑龙江,80.5
1960,上海,158.4
1960,江苏,86.8
1960,浙江,47.3
1960,安徽,59.8
1960,福建,29.6
1960,江西,36.8
1960,山东,71.4
1960,河南,66.2
1960,湖北,63.6
1960,湖南,64.1
1960,广东,72.8
1960,广西,26.2
1960,海南,0
1960,重庆,37.9
1960,四川,40.6
1960,贵州,22.9
1960,云南,25.4
1960,西藏,2.6
1960,陕西,38.3
1960,甘肃,17.8
1960,青海,7.7
1960,宁夏,4.8
1960,新疆,25.2
1961,北京,36.6
1961,天津,28.4
1961,河北,54.9
1961,山西,34.1
1961,内蒙古,25.3
1961,辽宁,75.9
1961,吉林,31.9
1961,黑龙江,54.2
1961,上海,101.8
1961,江苏,72.2
1961,浙江,40.6
1961,安徽,43.7
1961,福建,23.3
1961,江西,35.5
1961,山东,63.4
1961,河南,46.3
1961,湖北,48.9
1961,湖南,46.6
1961,广东,62.2
1961,广西,23.8
1961,海南,0
1961,重庆,28.2
1961,四川,45.3
1961,贵州,18.1
1961,云南,22.9
1961,西藏,2.4
1961,陕西,31.6
1961,甘肃,11.8
1961,青海,5.4
1961,宁夏,4.2
1961,新疆,21.5
1962,北京,29.6
1962,天津,24.3
1962,河北,48.7
1962,山西,32.4
1962,内蒙古,25.1
1962,辽宁,74.1
1962,吉林,31.4
1962,黑龙江,54.6
1962,上海,84.7
1962,江苏,69.2
1962,浙江,43.4
1962,安徽,39.5
1962,福建,22.1
1962,江西,33.1
1962,山东,64.4
1962,河南,43.0
1962,湖北,52.1
1962,湖南,51.2
1962,广东,72.4
1962,广西,23.8
1962,海南,0
1962,重庆,24.4
1962,四川,50.4
1962,贵州,16.5
1962,云南,24.5
1962,西藏,2.4
1962,陕西,26.9
1962,甘肃,12.6
1962,青海,4.6
1962,宁夏,4.0
1962,新疆,17.7
1963,北京,31.7
1963,天津,26.7
1963,河北,44.8
1963,山西,33.7
1963,内蒙古,29.0
1963,辽宁,76.1
1963,吉林,35.9
1963,黑龙江,61.8
1963,上海,90.7
1963,江苏,75.5
1963,浙江,46.6
1963,安徽,40.8
1963,福建,23.6
1963,江西,32.7
1963,山东,67.6
1963,河南,42.5
1963,湖北,56.3
1963,湖南,48.1
1963,广东,81.8
1963,广西,24.5
1963,海南,0
1963,重庆,27.1
1963,四川,54.1
1963,贵州,16.8
1963,云南,25.6
1963,西藏,2.6
1963,陕西,27.4
1963,甘肃,16.3
1963,青海,4.9
1963,宁夏,4.0
1963,新疆,19.0
1964,北京,36.0
1964,天津,30.6
1964,河北,56.7
1964,山西,38.4
1964,内蒙古,32.6
1964,辽宁,87.2
1964,吉林,38.5
1964,黑龙江,68.2
1964,上海,100.7
1964,江苏,89.6
1964,浙江,51.8
1964,安徽,44.9
1964,福建,26.0
1964,江西,35.2
1964,山东,71.7
1964,河南,51.4
1964,湖北,61.4
1964,湖南,57.4
1964,广东,81.6
1964,广西,27.2
1964,海南,0
1964,重庆,31.5
1964,四川,59.2
1964,贵州,19.8
1964,云南,29.3
1964,西藏,2.8
1964,陕西,29.3
1964,甘肃,19.7
1964,青海,5.6
1964,宁夏,4.1
1964,新疆,21.6
1965,北京,39.8
1965,天津,36.0
1965,河北,72.7
1965,山西,43.9
1965,内蒙古,35.4
1965,辽宁,103.2
1965,吉林,42.9
1965,黑龙江,78.9
1965,上海,113.6
1965,江苏,95.1
1965,浙江,55.7
1965,安徽,52.7
1965,福建,28.8
1965,江西,43.0
1965,山东,86.3
1965,河南,63.0
1965,湖北,72.4
1965,湖南,65.3
1965,广东,87.0
1965,广西,31.5
1965,海南,0
1965,重庆,37.0
1965,四川,68.2
1965,贵州,24.4
1965,云南,33.6
1965,西藏,3.3
1965,陕西,35.9
1965,甘肃,25.0
1965,青海,6.1
1965,宁夏,4.7
1965,新疆,24.2
1966,北京,44.4
1966,天津,39.3
1966,河北,80.2
1966,山西,49.7
1966,内蒙古,38.3
1966,辽宁,112.6
1966,吉林,46.7
1966,黑龙江,92.1
1966,上海,124.8
1966,江苏,109.9
1966,浙江,58.3
1966,安徽,59.8
1966,福建,32.1
1966,江西,48.4
1966,山东,97.6
1966,河南,76.4
1966,湖北,84.0
1966,湖南,72.7
1966,广东,96.4
1966,广西,31.7
1966,海南,0
1966,重庆,38.2
1966,四川,74.0
1966,贵州,24.8
1966,云南,36.4
1966,西藏,3.5
1966,陕西,40.5
1966,甘肃,24.2
1966,青海,6.4
1966,宁夏,5.4
1966,新疆,26.8
1967,北京,37.9
1967,天津,33.6
1967,河北,78.1
1967,山西,44.9
1967,内蒙古,31.8
1967,辽宁,93.4
1967,吉林,44.3
1967,黑龙江,90.9
1967,上海,110.0
1967,江苏,99.2
1967,浙江,56.4
1967,安徽,56.9
1967,福建,29.3
1967,江西,44.5
1967,山东,99.4
1967,河南,78.5
1967,湖北,78.9
1967,湖南,73.5
1967,广东,96.0
1967,广西,31.2
1967,海南,0
1967,重庆,33.4
1967,四川,76.7
1967,贵州,24.0
1967,云南,34.2
1967,西藏,3.8
1967,陕西,36.8
1967,甘肃,23.1
1967,青海,7.0
1967,宁夏,5.5
1967,新疆,22.5
1968,北京,37.8
1968,天津,34.8
1968,河北,79.4
1968,山西,36.8
1968,内蒙古,33.0
1968,辽宁,86.9
1968,吉林,42.5
1968,黑龙江,88.9
1968,上海,123.2
1968,江苏,102.8
1968,浙江,54.9
1968,安徽,56.1
1968,福建,26.1
1968,江西,46.0
1968,山东,99.3
1968,河南,72.2
1968,湖北,73.1
1968,湖南,75.7
1968,广东,87.3
1968,广西,28.5
1968,海南,0
1968,重庆,27.1
1968,四川,75.0
1968,贵州,21.4
1968,云南,26.5
1968,西藏,3.5
1968,陕西,28.1
1968,甘肃,23.4
1968,青海,6.4
1968,宁夏,5.1
1968,新疆,19.8
1969,北京,50.6
1969,天津,42.9
1969,河北,92.2
1969,山西,45.4
1969,内蒙古,32.9
1969,辽宁,113.8
1969,吉林,45.2
1969,黑龙江,101.0
1969,上海,142.3
1969,江苏,111.8
1969,浙江,62.7
1969,安徽,58.1
1969,福建,31.1
1969,江西,51.9
1969,山东,108.2
1969,河南,80.9
1969,湖北,76.1
1969,湖南,81.3
1969,广东,98.6
1969,广西,35.2
1969,海南,0
1969,重庆,31.4
1969,四川,82.4
1969,贵州,21.1
1969,云南,34.3
1969,西藏,3.5
1969,陕西,40.7
1969,甘肃,27.3
1969,青海,7.0
1969,宁夏,5.9
1969,新疆,19.8
1970,北京,63.4
1970,天津,51.0
1970,河北,104.3
1970,山西,57.7
1970,内蒙古,39.2
1970,辽宁,136.8
1970,吉林,56.1
1970,黑龙江,111.2
1970,上海,156.7
1970,江苏,129.2
1970,浙江,69.2
1970,安徽,71.8
1970,福建,34.7
1970,江西,58.4
1970,山东,126.3
1970,河南,97.2
1970,湖北,88.2
1970,湖南,93.1
1970,广东,112.1
1970,广西,39.4
1970,海南,0
1970,重庆,38.2
1970,四川,90.0
1970,贵州,28.4
1970,云南,38.5
1970,西藏,3.7
1970,陕西,46.8
1970,甘肃,34.5
1970,青海,8.2
1970,宁夏,6.5
1970,新疆,23.1
1971,北京,61.1
1971,天津,55.1
1971,河北,107.6
1971,山西,62.1
1971,内蒙古,41.6
1971,辽宁,148.6
1971,吉林,60.9
1971,黑龙江,115.6
1971,上海,164.9
1971,江苏,148.0
1971,浙江,70.4
1971,安徽,80.0
1971,福建,41.0
1971,江西,62.2
1971,山东,139.7
1971,河南,104.8
1971,湖北,100.1
1971,湖南,99.1
1971,广东,113.2
1971,广西,45.8
1971,海南,0
1971,重庆,43.8
1971,四川,95.9
1971,贵州,32.3
1971,云南,43.5
1971,西藏,4.0
1971,陕西,57.7
1971,甘肃,37.9
1971,青海,9.3
1971,宁夏,8.1
1971,新疆,26.1
1972,北京,67.2
1972,天津,56.4
1972,河北,103.0
1972,山西,61.6
1972,内蒙古,39.4
1972,辽宁,154.0
1972,吉林,56.0
1972,黑龙江,115.7
1972,上海,171.0
1972,江苏,157.3
1972,浙江,84.4
1972,安徽,85.9
1972,福建,44.5
1972,江西,66.6
1972,山东,146.5
1972,河南,111.4
1972,湖北,102.8
1972,湖南,107.0
1972,广东,118.5
1972,广西,53.5
1972,海南,0
1972,重庆,43.2
1972,四川,98.8
1972,贵州,29.6
1972,云南,49.5
1972,西藏,4.3
1972,陕西,57.8
1972,甘肃,41.2
1972,青海,10.3
1972,宁夏,8.8
1972,新疆,24.4
1973,北京,73.0
1973,天津,60.3
1973,河北,112.6
1973,山西,66.2
1973,内蒙古,44.1
1973,辽宁,172.0
1973,吉林,63.3
1973,黑龙江,123.5
1973,上海,185.4
1973,江苏,170.9
1973,浙江,87.0
1973,安徽,92.3
1973,福建,43.6
1973,江西,66.8
1973,山东,154.3
1973,河南,117.1
1973,湖北,113.3
1973,湖南,115.8
1973,广东,129.0
1973,广西,58.5
1973,海南,0
1973,重庆,44.0
1973,四川,103.9
1973,贵州,28.4
1973,云南,54.6
1973,西藏,4.6
1973,陕西,59.6
1973,甘肃,43.9
1973,青海,11.1
1973,宁夏,9.0
1973,新疆,24.7
1974,北京,80.2
1974,天津,66.7
1974,河北,121.4
1974,山西,64.4
1974,内蒙古,43.3
1974,辽宁,185.1
1974,吉林,65.1
1974,黑龙江,131.4
1974,上海,193.5
1974,江苏,171.9
1974,浙江,86.6
1974,安徽,91.5
1974,福建,45.2
1974,江西,64.7
1974,山东,130.8
1974,河南,119.9
1974,湖北,107.3
1974,湖南,108.2
1974,广东,138.2
1974,广西,62.3
1974,海南,0
1974,重庆,43.3
1974,四川,108.8
1974,贵州,24.5
1974,云南,51.8
1974,西藏,4.9
1974,陕西,62.0
1974,甘肃,49.6
1974,青海,11.8
1974,宁夏,11.4
1974,新疆,25.1
1975,北京,91.3
1975,天津,69.7
1975,河北,132.8
1975,山西,69.8
1975,内蒙古,48.6
1975,辽宁,198.5
1975,吉林,72.3
1975,黑龙江,141.5
1975,上海,204.1
1975,江苏,184.2
1975,浙江,84.2
1975,安徽,97.1
1975,福建,46.5
1975,江西,68.1
1975,山东,166.2
1975,河南,127.8
1975,湖北,120.1
1975,湖南,118.4
1975,广东,157.7
1975,广西,67.0
1975,海南,0
1975,重庆,50.4
1975,四川,117.0
1975,贵州,31.1
1975,云南,54.3
1975,西藏,5.1
1975,陕西,64.9
1975,甘肃,57.4
1975,青海,12.4
1975,宁夏,12.1
1975,新疆,28.1
1976,北京,93.8
1976,天津,65.3
1976,河北,134.0
1976,山西,64.6
1976,内蒙古,48.1
1976,辽宁,204.0
1976,吉林,67.3
1976,黑龙江,144.2
1976,上海,208.1
1976,江苏,188.0
1976,浙江,87.3
1976,安徽,105.8
1976,福建,46.9
1976,江西,64.3
1976,山东,179.6
1976,河南,125.5
1976,湖北,114.6
1976,湖南,118.5
1976,广东,156.4
1976,广西,67.3
1976,海南,0
1976,重庆,50.4
1976,四川,133.1
1976,贵州,29.3
1976,云南,49.3
1976,西藏,5.4
1976,陕西,62.9
1976,甘肃,56.5
1976,青海,12.2
1976,宁夏,11.1
1976,新疆,31.8
1977,北京,99.1
1977,天津,67.7
1977,河北,158.2
1977,山西,75.3
1977,内蒙古,51.7
1977,辽宁,203.8
1977,吉林,72.9
1977,黑龙江,155.7
1977,上海,230.4
1977,江苏,202.4
1977,浙江,100.0
1977,安徽,108.1
1977,福建,52.4
1977,江西,74.8
1977,山东,207.1
1977,河南,144.1
1977,湖北,131.1
1977,湖南,129.2
1977,广东,168.9
1977,广西,68.8
1977,海南,0
1977,重庆,56.7
1977,四川,156.2
1977,贵州,37.7
1977,云南,55.8
1977,西藏,5.8
1977,陕西,70.0
1977,甘肃,58.7
1977,青海,13.1
1977,宁夏,12.1
1977,新疆,35.7
1978,北京,108.8
1978,天津,82.7
1978,河北,183.1
1978,山西,88.0
1978,内蒙古,58.0
1978,辽宁,229.2
1978,吉林,82.0
1978,黑龙江,174.8
1978,上海,272.8
1978,江苏,249.2
1978,浙江,123.7
1978,安徽,114.0
1978,福建,66.4
1978,江西,87.0
1978,山东,225.5
1978,河南,162.9
1978,湖北,151.0
1978,湖南,147.0
1978,广东,185.9
1978,广西,75.9
1978,海南,16.4
1978,重庆,71.7
1978,四川,184.8
1978,贵州,46.6
1978,云南,69.1
1978,西藏,6.7
1978,陕西,81.1
1978,甘肃,64.7
1978,青海,15.5
1978,宁夏,13.0
1978,新疆,39.1
1979,北京,120.1
1979,天津,93.0
1979,河北,203.2
1979,山西,106.4
1979,内蒙古,64.1
1979,辽宁,245.0
1979,吉林,91.1
1979,黑龙江,187.2
1979,上海,286.4
1979,江苏,298.6
1979,浙江,157.8
1979,安徽,127.3
1979,福建,74.1
1979,江西,104.2
1979,山东,251.6
1979,河南,190.1
1979,湖北,188.5
1979,湖南,178.0
1979,广东,209.3
1979,广西,84.6
1979,海南,17.5
1979,重庆,81.0
1979,四川,205.8
1979,贵州,55.3
1979,云南,76.8
1979,西藏,7.3
1979,陕西,94.5
1979,甘肃,67.5
1979,青海,15.2
1979,宁夏,14.4
1979,新疆,45.6
1980,北京,139.1
1980,天津,103.5
1980,河北,219.2
1980,山西,108.8
1980,内蒙古,68.4
1980,辽宁,281.0
1980,吉林,98.6
1980,黑龙江,221.0
1980,上海,311.9
1980,江苏,319.8
1980,浙江,179.9
1980,安徽,140.9
1980,福建,87.1
1980,江西,111.2
1980,山东,292.1
1980,河南,229.2
1980,湖北,199.4
1980,湖南,191.7
1980,广东,249.7
1980,广西,97.3
1980,海南,19.3
1980,重庆,90.7
1980,四川,229.3
1980,贵州,60.3
1980,云南,84.3
1980,西藏,8.7
1980,陕西,94.9
1980,甘肃,73.9
1980,青海,17.8
1980,宁夏,16.0
1980,新疆,53.2
1981,北京,139.2
1981,天津,108.0
1981,河北,222.5
1981,山西,121.7
1981,内蒙古,77.9
1981,辽宁,288.6
1981,吉林,111.2
1981,黑龙江,228.3
1981,上海,324.8
1981,江苏,350.0
1981,浙江,204.9
1981,安徽,170.5
1981,福建,105.6
1981,江西,121.3
1981,山东,346.6
1981,河南,249.7
1981,湖北,219.8
1981,湖南,209.7
1981,广东,290.4
1981,广西,113.5
1981,海南,22.2
1981,重庆,97.2
1981,四川,242.3
1981,贵州,67.9
1981,云南,94.1
1981,西藏,10.4
1981,陕西,102.1
1981,甘肃,70.9
1981,青海,17.5
1981,宁夏,17.4
1981,新疆,59.4
1982,北京,154.9
1982,天津,114.1
1982,河北,251.5
1982,山西,139.2
1982,内蒙古,93.2
1982,辽宁,315.1
1982,吉林,121.7
1982,黑龙江,248.4
1982,上海,337.1
1982,江苏,390.2
1982,浙江,234.0
1982,安徽,187.0
1982,福建,117.8
1982,江西,134.0
1982,山东,395.4
1982,河南,263.3
1982,湖北,241.6
1982,湖南,232.5
1982,广东,339.9
1982,广西,129.2
1982,海南,28.9
1982,重庆,108.1
1982,四川,275.2
1982,贵州,79.4
1982,云南,110.1
1982,西藏,10.2
1982,陕西,112.0
1982,甘肃,76.9
1982,青海,20.0
1982,宁夏,18.2
1982,新疆,65.2
1983,北京,183.1
1983,天津,123.4
1983,河北,283.2
1983,山西,155.1
1983,内蒙古,105.9
1983,辽宁,364.0
1983,吉林,150.1
1983,黑龙江,276.9
1983,上海,351.8
1983,江苏,437.7
1983,浙江,257.1
1983,安徽,215.7
1983,福建,127.8
1983,江西,144.1
1983,山东,459.8
1983,河南,328.0
1983,湖北,262.6
1983,湖南,257.4
1983,广东,368.8
1983,广西,134.6
1983,海南,31.1
1983,重庆,120.0
1983,四川,311.0
1983,贵州,87.4
1983,云南,120.1
1983,西藏,10.3
1983,陕西,123.4
1983,甘肃,91.5
1983,青海,22.5
1983,宁夏,20.8
1983,新疆,78.6
1984,北京,216.6
1984,天津,147.5
1984,河北,332.2
1984,山西,197.4
1984,内蒙古,128.2
1984,辽宁,438.2
1984,吉林,174.4
1984,黑龙江,318.3
1984,上海,390.9
1984,江苏,518.9
1984,浙江,323.3
1984,安徽,265.7
1984,福建,157.1
1984,江西,169.1
1984,山东,581.6
1984,河南,370.0
1984,湖北,328.2
1984,湖南,287.3
1984,广东,458.7
1984,广西,150.3
1984,海南,37.2
1984,重庆,141.6
1984,四川,358.1
1984,贵州,108.3
1984,云南,139.6
1984,西藏,13.7
1984,陕西,149.4
1984,甘肃,103.2
1984,青海,26.4
1984,宁夏,24.8
1984,新疆,89.8
1985,北京,257.1
1985,天津,175.8
1985,河北,396.8
1985,山西,219.0
1985,内蒙古,163.8
1985,辽宁,518.6
1985,吉林,200.4
1985,黑龙江,355.0
1985,上海,466.8
1985,江苏,651.8
1985,浙江,429.2
1985,安徽,331.2
1985,福建,200.5
1985,江西,207.9
1985,山东,680.5
1985,河南,451.7
1985,湖北,396.3
1985,湖南,350.0
1985,广东,577.4
1985,广西,181.0
1985,海南,43.3
1985,重庆,164.3
1985,四川,421.2
1985,贵州,123.9
1985,云南,165.0
1985,西藏,17.8
1985,陕西,180.9
1985,甘肃,123.4
1985,青海,33.0
1985,宁夏,30.3
1985,新疆,112.2
1986,北京,284.9
1986,天津,194.7
1986,河北,436.7
1986,山西,235.1
1986,内蒙古,181.6
1986,辽宁,605.3
1986,吉林,227.2
1986,黑龙江,400.8
1986,上海,490.8
1986,江苏,744.9
1986,浙江,502.5
1986,安徽,382.8
1986,福建,222.5
1986,江西,230.8
1986,山东,742.1
1986,河南,502.9
1986,湖北,442.0
1986,湖南,397.7
1986,广东,667.5
1986,广西,205.5
1986,海南,48.0
1986,重庆,184.6
1986,四川,458.2
1986,贵州,139.6
1986,云南,182.3
1986,西藏,16.9
1986,陕西,208.3
1986,甘肃,140.7
1986,青海,38.4
1986,宁夏,34.5
1986,新疆,129.0
1987,北京,326.8
1987,天津,220.1
1987,河北,521.9
1987,山西,257.2
1987,内蒙古,212.3
1987,辽宁,719.1
1987,吉林,297.5
1987,黑龙江,454.6
1987,上海,545.5
1987,江苏,922.3
1987,浙江,607.0
1987,安徽,442.4
1987,福建,279.2
1987,江西,262.9
1987,山东,892.3
1987,河南,609.6
1987,湖北,517.8
1987,湖南,469.4
1987,广东,846.7
1987,广西,241.6
1987,海南,57.3
1987,重庆,206.7
1987,四川,530.9
1987,贵州,165.5
1987,云南,229.0
1987,西藏,17.7
1987,陕西,245.0
1987,甘肃,159.5
1987,青海,43.4
1987,宁夏,39.6
1987,新疆,148.5
1988,北京,410.2
1988,天津,259.7
1988,河北,701.3
1988,山西,316.7
1988,内蒙古,270.8
1988,辽宁,881.0
1988,吉林,368.7
1988,黑龙江,552.0
1988,上海,648.3
1988,江苏,1208.9
1988,浙江,770.3
1988,安徽,546.9
1988,福建,383.2
1988,江西,325.8
1988,山东,1117.7
1988,河南,749.1
1988,湖北,626.5
1988,湖南,584.1
1988,广东,1155.4
1988,广西,313.3
1988,海南,77.0
1988,重庆,261.3
1988,四川,659.7
1988,贵州,211.8
1988,云南,301.1
1988,西藏,20.3
1988,陕西,314.5
1988,甘肃,191.8
1988,青海,55.0
1988,宁夏,50.3
1988,新疆,192.7
1989,北京,456.0
1989,天津,283.5
1989,河北,822.8
1989,山西,376.3
1989,内蒙古,292.7
1989,辽宁,1003.8
1989,吉林,391.7
1989,黑龙江,630.6
1989,上海,696.5
1989,江苏,1321.9
1989,浙江,849.4
1989,安徽,616.3
1989,福建,458.4
1989,江西,376.5
1989,山东,1293.9
1989,河南,850.7
1989,湖北,717.1
1989,湖南,640.8
1989,广东,1381.4
1989,广西,383.4
1989,海南,91.3
1989,重庆,303.8
1989,四川,745.0
1989,贵州,235.8
1989,云南,363.1
1989,西藏,21.9
1989,陕西,358.4
1989,甘肃,216.8
1989,青海,60.4
1989,宁夏,59.2
1989,新疆,217.3
1990,北京,500.8
1990,天津,311.0
1990,河北,896.3
1990,山西,429.3
1990,内蒙古,319.3
1990,辽宁,1062.7
1990,吉林,425.3
1990,黑龙江,715.2
1990,上海,781.7
1990,江苏,1416.5
1990,浙江,904.7
1990,安徽,658.0
1990,福建,522.3
1990,江西,428.6
1990,山东,1511.2
1990,河南,934.7
1990,湖北,824.4
1990,湖南,744.4
1990,广东,1559.0
1990,广西,449.1
1990,海南,102.4
1990,重庆,327.8
1990,四川,891.0
1990,贵州,260.1
1990,云南,451.7
1990,西藏,27.7
1990,陕西,404.3
1990,甘肃,242.8
1990,青海,69.9
1990,宁夏,64.8
1990,新疆,261.4
1991,北京,598.9
1991,天津,342.7
1991,河北,1072.1
1991,山西,468.5
1991,内蒙古,359.7
1991,辽宁,1200.1
1991,吉林,463.5
1991,黑龙江,822.3
1991,上海,893.8
1991,江苏,1601.4
1991,浙江,1089.3
1991,安徽,663.5
1991,福建,619.9
1991,江西,479.4
1991,山东,1810.5
1991,河南,1045.7
1991,湖北,913.4
1991,湖南,833.3
1991,广东,1893.3
1991,广西,518.6
1991,海南,120.5
1991,重庆,374.2
1991,四川,1016.3
1991,贵州,295.9
1991,云南,517.4
1991,西藏,30.5
1991,陕西,468.4
1991,甘肃,271.4
1991,青海,75.1
1991,宁夏,71.8
1991,新疆,335.9
1992,北京,709.1
1992,天津,411.0
1992,河北,1278.5
1992,山西,551.1
1992,内蒙古,421.7
1992,辽宁,1473.0
1992,吉林,558.1
1992,黑龙江,959.7
1992,上海,1114.3
1992,江苏,2136.0
1992,浙江,1375.7
1992,安徽,801.2
1992,福建,784.7
1992,江西,572.6
1992,山东,2196.5
1992,河南,1279.8
1992,湖北,1088.4
1992,湖南,987.0
1992,广东,2447.5
1992,广西,646.6
1992,海南,184.9
1992,重庆,461.3
1992,四川,1177.3
1992,贵州,339.9
1992,云南,618.7
1992,西藏,33.3
1992,陕西,531.6
1992,甘肃,317.8
1992,青海,87.5
1992,宁夏,83.1
1992,新疆,402.3
1993,北京,886.2
1993,天津,538.9
1993,河北,1690.8
1993,山西,680.4
1993,内蒙古,537.8
1993,辽宁,2010.8
1993,吉林,718.6
1993,黑龙江,1198.4
1993,上海,1519.2
1993,江苏,2998.2
1993,浙江,1925.9
1993,安徽,1037.1
1993,福建,1114.2
1993,江西,723.0
1993,山东,2770.4
1993,河南,1660.2
1993,湖北,1325.8
1993,湖南,1244.7
1993,广东,3469.3
1993,广西,871.7
1993,海南,260.4
1993,重庆,608.5
1993,四川,1486.1
1993,贵州,417.7
1993,云南,783.3
1993,西藏,37.4
1993,陕西,678.2
1993,甘肃,372.2
1993,青海,109.7
1993,宁夏,104.5
1993,新疆,495.3
1994,北京,1145.3
1994,天津,732.9
1994,河北,2187.5
1994,山西,826.7
1994,内蒙古,695.1
1994,辽宁,2461.8
1994,吉林,937.7
1994,黑龙江,1604.9
1994,上海,1990.9
1994,江苏,4057.4
1994,浙江,2689.3
1994,安徽,1320.4
1994,福建,1644.4
1994,江西,948.2
1994,山东,3844.5
1994,河南,2216.8
1994,湖北,1700.9
1994,湖南,1650.0
1994,广东,4619.0
1994,广西,1198.3
1994,海南,332.0
1994,重庆,833.6
1994,四川,2001.4
1994,贵州,524.5
1994,云南,983.8
1994,西藏,46.0
1994,陕西,839.0
1994,甘肃,453.6
1994,青海,138.4
1994,宁夏,136.3
1994,新疆,662.3
1995,北京,1507.7
1995,天津,932.0
1995,河北,2849.5
1995,山西,1076.0
1995,内蒙古,857.1
1995,辽宁,2793.4
1995,吉林,1137.2
1995,黑龙江,1991.4
1995,上海,2499.4
1995,江苏,5155.3
1995,浙江,3557.6
1995,安徽,1810.7
1995,福建,2094.9
1995,江西,1169.7
1995,山东,4953.4
1995,河南,2988.4
1995,湖北,2109.4
1995,湖南,2132.1
1995,广东,5933.1
1995,广西,1497.6
1995,海南,363.3
1995,重庆,1123.1
1995,四川,2443.2
1995,贵州,636.2
1995,云南,1222.2
1995,西藏,56.1
1995,陕西,1036.9
1995,甘肃,557.8
1995,青海,167.8
1995,宁夏,175.2
1995,新疆,814.9
1996,北京,1789.2
1996,天津,1121.9
1996,河北,3453.0
1996,山西,1292.1
1996,内蒙古,1023.1
1996,辽宁,3157.7
1996,吉林,1346.8
1996,黑龙江,2370.5
1996,上海,2957.6
1996,江苏,6004.2
1996,浙江,4188.5
1996,安徽,2093.3
1996,福建,2484.3
1996,江西,1409.7
1996,山东,5883.8
1996,河南,3634.7
1996,湖北,2499.8
1996,湖南,2540.1
1996,广东,6835.0
1996,广西,1697.9
1996,海南,389.7
1996,重庆,1315.1
1996,四川,2871.7
1996,贵州,723.2
1996,云南,1517.7
1996,西藏,65.0
1996,陕西,1215.8
1996,甘肃,722.5
1996,青海,184.2
1996,宁夏,202.9
1996,新疆,900.9
1997,北京,2077.1
1997,天津,1264.6
1997,河北,3953.8
1997,山西,1476.0
1997,内蒙古,1153.5
1997,辽宁,3582.5
1997,吉林,1464.3
1997,黑龙江,2667.5
1997,上海,3438.8
1997,江苏,6680.3
1997,浙江,4686.1
1997,安徽,2347.3
1997,福建,2870.9
1997,江西,1605.8
1997,山东,6537.1
1997,河南,4041.1
1997,湖北,2856.5
1997,湖南,2849.3
1997,广东,7774.5
1997,广西,1817.3
1997,海南,411.2
1997,重庆,1509.8
1997,四川,3241.5
1997,贵州,805.8
1997,云南,1676.2
1997,西藏,77.2
1997,陕西,1363.6
1997,甘肃,793.6
1997,青海,202.8
1997,宁夏,224.6
1997,新疆,1039.9
1998,北京,2377.2
1998,天津,1374.6
1998,河北,4256.0
1998,山西,1611.1
1998,内蒙古,1262.5
1998,辽宁,3881.7
1998,吉林,1577.1
1998,黑龙江,2774.4
1998,上海,3801.1
1998,江苏,7200.0
1998,浙江,5052.6
1998,安徽,2543.0
1998,福建,3159.9
1998,江西,1719.9
1998,山东,7021.4
1998,河南,4308.2
1998,湖北,3114.0
1998,湖南,3025.5
1998,广东,8530.9
1998,广西,1911.3
1998,海南,442.1
1998,重庆,1602.4
1998,四川,3474.1
1998,贵州,858.4
1998,云南,1831.3
1998,西藏,91.5
1998,陕西,1458.4
1998,甘肃,887.7
1998,青海,220.9
1998,宁夏,245.4
1998,新疆,1107.0
1999,北京,2678.8
1999,天津,1501.0
1999,河北,4514.2
1999,山西,1667.1
1999,内蒙古,1379.3
1999,辽宁,4171.7
1999,吉林,1673.0
1999,黑龙江,2866.3
1999,上海,4188.7
1999,江苏,7697.8
1999,浙江,5443.9
1999,安徽,2712.3
1999,福建,3414.2
1999,江西,1853.7
1999,山东,7493.8
1999,河南,4517.9
1999,湖北,3229.3
1999,湖南,3214.5
1999,广东,9250.7
1999,广西,1971.4
1999,海南,476.7
1999,重庆,1663.2
1999,四川,3649.1
1999,贵州,937.5
1999,云南,1899.8
1999,西藏,106.0
1999,陕西,1592.6
1999,甘肃,956.3
1999,青海,239.4
1999,宁夏,264.6
1999,新疆,1163.2
2000,北京,3161.7
2000,天津,1701.9
2000,河北,5044.0
2000,山西,1845.7
2000,内蒙古,1539.1
2000,辽宁,4669.1
2000,吉林,1951.5
2000,黑龙江,3151.4
2000,上海,4771.2
2000,江苏,8553.7
2000,浙江,6141.0
2000,安徽,2902.1
2000,福建,3764.5
2000,江西,2003.1
2000,山东,8337.5
2000,河南,5053.0
2000,湖北,3545.4
2000,湖南,3551.5
2000,广东,10741.3
2000,广西,2080.0
2000,海南,526.8
2000,重庆,1791.0
2000,四川,3928.2
2000,贵州,1029.9
2000,云南,2011.2
2000,西藏,117.8
2000,陕西,1804.0
2000,甘肃,1052.9
2000,青海,263.7
2000,宁夏,295.0
2000,新疆,1363.6
2001,北京,3708.0
2001,天津,1919.1
2001,河北,5516.8
2001,山西,2029.5
2001,内蒙古,1713.8
2001,辽宁,5033.1
2001,吉林,2120.4
2001,黑龙江,3390.1
2001,上海,5210.1
2001,江苏,9456.8
2001,浙江,6898.3
2001,安徽,3246.7
2001,福建,4072.9
2001,江西,2175.7
2001,山东,9195.0
2001,河南,5533.0
2001,湖北,3880.5
2001,湖南,3831.9
2001,广东,12039.3
2001,广西,2279.3
2001,海南,579.2
2001,重庆,1976.9
2001,四川,4293.5
2001,贵州,1133.3
2001,云南,2138.3
2001,西藏,139.2
2001,陕西,2010.6
2001,甘肃,1125.4
2001,青海,300.1
2001,宁夏,337.4
2001,新疆,1491.6
2002,北京,4315.0
2002,天津,2150.8
2002,河北,6018.3
2002,山西,2324.8
2002,内蒙古,1940.9
2002,辽宁,5458.2
2002,吉林,2348.5
2002,黑龙江,3637.2
2002,上海,5741.0
2002,江苏,10606.9
2002,浙江,8003.7
2002,安徽,3519.7
2002,福建,4467.6
2002,江西,2450.5
2002,山东,10275.5
2002,河南,6035.5
2002,湖北,4212.8
2002,湖南,4151.5
2002,广东,13502.4
2002,广西,2523.7
2002,海南,642.7
2002,重庆,2232.9
2002,四川,4725.0
2002,贵州,1243.4
2002,云南,2312.8
2002,西藏,162.0
2002,陕西,2253.4
2002,甘肃,1232.0
2002,青海,340.7
2002,宁夏,377.2
2002,新疆,1612.7
2003,北京,5007.2
2003,天津,2578.0
2003,河北,6921.3
2003,山西,2855.2
2003,内蒙古,2388.4
2003,辽宁,6002.5
2003,吉林,2662.1
2003,黑龙江,4057.4
2003,上海,6694.2
2003,江苏,12442.9
2003,浙江,9705.0
2003,安徽,3923.1
2003,福建,4983.7
2003,江西,2807.4
2003,山东,12078.2
2003,河南,6867.7
2003,湖北,4757.5
2003,湖南,4660.0
2003,广东,15844.6
2003,广西,2821.1
2003,海南,714.0
2003,重庆,2555.7
2003,四川,5333.1
2003,贵州,1426.3
2003,云南,2556.0
2003,西藏,185.1
2003,陕西,2587.7
2003,甘肃,1399.8
2003,青海,390.2
2003,宁夏,445.4
2003,新疆,1886.4
2004,北京,6033.2
2004,天津,3111.0
2004,河北,8477.6
2004,山西,3571.4
2004,内蒙古,3041.1
2004,辽宁,6672.0
2004,吉林,3122.0
2004,黑龙江,4750.6
2004,上海,8072.8
2004,江苏,15003.6
2004,浙江,11648.7
2004,安徽,4759.3
2004,福建,5763.4
2004,江西,3456.7
2004,山东,15021.8
2004,河南,8553.8
2004,湖北,5633.2
2004,湖南,5641.9
2004,广东,18864.6
2004,广西,3433.5
2004,海南,819.7
2004,重庆,3034.6
2004,四川,6379.6
2004,贵州,1677.8
2004,云南,3081.9
2004,西藏,220.3
2004,陕西,3175.6
2004,甘肃,1688.5
2004,青海,466.1
2004,宁夏,537.1
2004,新疆,2209.1
2005,北京,6969.5
2005,天津,3905.6
2005,河北,10012.1
2005,山西,4230.5
2005,内蒙古,3905.0
2005,辽宁,8047.3
2005,吉林,3620.3
2005,黑龙江,5513.7
2005,上海,9247.7
2005,江苏,18598.7
2005,浙江,13417.7
2005,安徽,5350.2
2005,福建,6554.7
2005,江西,4056.8
2005,山东,18366.9
2005,河南,10587.4
2005,湖北,6590.2
2005,湖南,6596.1
2005,广东,22557.4
2005,广西,3984.1
2005,海南,918.8
2005,重庆,3467.7
2005,四川,7385.1
2005,贵州,2005.4
2005,云南,3462.7
2005,西藏,248.8
2005,陕西,3933.7
2005,甘肃,1934.0
2005,青海,543.3
2005,宁夏,612.6
2005,新疆,2604.2
2006,北京,8117.8
2006,天津,4462.7
2006,河北,11467.6
2006,山西,4878.6
2006,内蒙古,4944.3
2006,辽宁,9304.5
2006,吉林,4275.1
2006,黑龙江,6211.8
2006,上海,10572.2
2006,江苏,21742.1
2006,浙江,15718.5
2006,安徽,6112.5
2006,福建,7583.9
2006,江西,4820.5
2006,山东,21900.2
2006,河南,12362.8
2006,湖北,7617.5
2006,湖南,7688.7
2006,广东,26587.8
2006,广西,4746.2
2006,海南,1065.7
2006,重庆,3907.2
2006,四川,8690.2
2006,贵州,2339.0
2006,云南,3988.1
2006,西藏,290.8
2006,陕西,4743.6
2006,甘肃,2277.4
2006,青海,648.5
2006,宁夏,725.9
2006,新疆,3045.3
2007,北京,9846.8
2007,天津,5252.8
2007,河北,13607.3
2007,山西,6024.5
2007,内蒙古,6423.2
2007,辽宁,11164.3
2007,吉林,5284.7
2007,黑龙江,7104.0
2007,上海,12494.0
2007,江苏,26018.5
2007,浙江,18753.7
2007,安徽,7360.9
2007,福建,9248.5
2007,江西,5800.3
2007,山东,25776.9
2007,河南,15012.5
2007,湖北,9333.4
2007,湖南,9439.6
2007,广东,31777.0
2007,广西,5823.4
2007,海南,1254.2
2007,重庆,4676.1
2007,四川,10562.4
2007,贵州,2884.1
2007,云南,4772.5
2007,西藏,341.4
2007,陕西,5757.3
2007,甘肃,2704.0
2007,青海,797.4
2007,宁夏,919.1
2007,新疆,3523.2
2008,北京,11115.0
2008,天津,6719.0
2008,河北,16012.0
2008,山西,7315.4
2008,内蒙古,8496.2
2008,辽宁,13668.6
2008,吉林,6426.1
2008,黑龙江,8314.4
2008,上海,14069.9
2008,江苏,30982.0
2008,浙江,21462.7
2008,安徽,8851.7
2008,福建,10823.0
2008,江西,6971.1
2008,山东,30933.3
2008,河南,18018.5
2008,湖北,11328.9
2008,湖南,11555.0
2008,广东,36796.7
2008,广西,7021.0
2008,海南,1503.1
2008,重庆,5793.7
2008,四川,12601.2
2008,贵州,3561.6
2008,云南,5692.1
2008,西藏,394.9
2008,陕西,7314.6
2008,甘肃,3166.8
2008,青海,1018.6
2008,宁夏,1203.9
2008,新疆,4183.2
2009,北京,12153.0
2009,天津,7521.9
2009,河北,17235.5
2009,山西,7358.3
2009,内蒙古,9740.3
2009,辽宁,15212.5
2009,吉林,7278.8
2009,黑龙江,8587.0
2009,上海,15046.5
2009,江苏,34457.3
2009,浙江,22990.4
2009,安徽,10062.8
2009,福建,12236.5
2009,江西,7655.2
2009,山东,33896.7
2009,河南,19480.5
2009,湖北,12961.1
2009,湖南,13059.7
2009,广东,39482.6
2009,广西,7759.2
2009,海南,1654.2
2009,重庆,6530.0
2009,四川,14151.3
2009,贵州,3912.7
2009,云南,6169.8
2009,西藏,441.4
2009,陕西,8169.8
2009,甘肃,3387.6
2009,青海,1081.3
2009,宁夏,1353.3
2009,新疆,4277.1
2010,北京,14113.6
2010,天津,9224.5
2010,河北,20394.3
2010,山西,9200.9
2010,内蒙古,11672.0
2010,辽宁,18457.3
2010,吉林,8667.6
2010,黑龙江,10368.6
2010,上海,17166.0
2010,江苏,41425.5
2010,浙江,27722.3
2010,安徽,12359.3
2010,福建,14737.1
2010,江西,9451.3
2010,山东,39169.9
2010,河南,23092.4
2010,湖北,15967.6
2010,湖南,16038.0
2010,广东,46013.1
2010,广西,9569.9
2010,海南,2064.5
2010,重庆,7925.6
2010,四川,17185.5
2010,贵州,4602.2
2010,云南,7224.2
2010,西藏,507.5
2010,陕西,10123.5
2010,甘肃,4120.8
2010,青海,1350.4
2010,宁夏,1689.7
2010,新疆,5437.5
2011,北京,16251.9
2011,天津,11307.3
2011,河北,24515.8
2011,山西,11237.6
2011,内蒙古,14359.9
2011,辽宁,22226.7
2011,吉林,10568.8
2011,黑龙江,12582.0
2011,上海,19195.7
2011,江苏,49110.3
2011,浙江,32318.9
2011,安徽,15300.7
2011,福建,17560.2
2011,江西,11702.8
2011,山东,45361.9
2011,河南,26931.0
2011,湖北,19632.3
2011,湖南,19669.6
2011,广东,53210.3
2011,广西,11720.9
2011,海南,2522.7
2011,重庆,10011.4
2011,四川,21026.7
2011,贵州,5701.8
2011,云南,8893.1
2011,西藏,605.8
2011,陕西,12512.3
2011,甘肃,5020.4
2011,青海,1670.4
2011,宁夏,2102.2
2011,新疆,6610.1
2012,北京,17879.4
2012,天津,12893.9
2012,河北,26575.0
2012,山西,12112.8
2012,内蒙古,15880.6
2012,辽宁,24846.4
2012,吉林,11939.2
2012,黑龙江,13691.6
2012,上海,20181.7
2012,江苏,54058.2
2012,浙江,34665.3
2012,安徽,17212.1
2012,福建,19701.8
2012,江西,12948.9
2012,山东,50013.2
2012,河南,29599.3
2012,湖北,22250.5
2012,湖南,22154.2
2012,广东,57067.9
2012,广西,13035.1
2012,海南,2855.5
2012,重庆,11409.6
2012,四川,23872.8
2012,贵州,6852.2
2012,云南,10309.5
2012,西藏,701.0
2012,陕西,14453.7
2012,甘肃,5650.2
2012,青海,1893.5
2012,宁夏,2341.3
2012,新疆,7505.3
2013,北京,19800.8
2013,天津,14442.0
2013,河北,28443.0
2013,山西,12665.3
2013,内蒙古,16916.5
2013,辽宁,27213.2
2013,吉林,13046.4
2013,黑龙江,14454.9
2013,上海,21818.2
2013,江苏,59753.4
2013,浙江,37756.6
2013,安徽,19229.3
2013,福建,21868.5
2013,江西,14410.2
2013,山东,55230.3
2013,河南,32191.3
2013,湖北,24791.8
2013,湖南,24621.7
2013,广东,62474.8
2013,广西,14449.9
2013,海南,3177.6
2013,重庆,12783.3
2013,四川,26392.1
2013,贵州,8086.9
2013,云南,11832.3
2013,西藏,815.7
2013,陕西,16205.5
2013,甘肃,6330.7
2013,青海,2122.1
2013,宁夏,2577.6
2013,新疆,8443.8
2014,北京,21330.8
2014,天津,15726.9
2014,河北,29421.2
2014,山西,12761.5
2014,内蒙古,17770.2
2014,辽宁,28626.6
2014,吉林,13803.1
2014,黑龙江,15039.4
2014,上海,23567.7
2014,江苏,65088.3
2014,浙江,40173.0
2014,安徽,20848.8
2014,福建,24055.8
2014,江西,15714.6
2014,山东,59426.6
2014,河南,34938.2
2014,湖北,27379.2
2014,湖南,27037.3
2014,广东,67809.9
2014,广西,15672.9
2014,海南,3500.7
2014,重庆,14262.6
2014,四川,28536.7
2014,贵州,9266.4
2014,云南,12814.6
2014,西藏,920.8
2014,陕西,17689.9
2014,甘肃,6836.8
2014,青海,2303.3
2014,宁夏,2752.1
2014,新疆,9273.5
2015,北京,23014.6
2015,天津,16538.2
2015,河北,29806.1
2015,山西,12766.5
2015,内蒙古,17831.5
2015,辽宁,28669.0
2015,吉林,14063.1
2015,黑龙江,15083.7
2015,上海,25123.5
2015,江苏,70116.4
2015,浙江,42886.5
2015,安徽,22005.6
2015,福建,25979.8
2015,江西,16723.8
2015,山东,63002.3
2015,河南,37002.2
2015,湖北,29550.2
2015,湖南,28902.2
2015,广东,72812.6
2015,广西,16803.1
2015,海南,3702.8
2015,重庆,15717.3
2015,四川,30053.1
2015,贵州,10502.6
2015,云南,13619.2
2015,西藏,1026.4
2015,陕西,18021.9
2015,甘肃,6790.3
2015,青海,2417.1
2015,宁夏,2911.8
2015,新疆,9324.8
2016,北京,24899.3
2016,天津,17885.4
2016,河北,31827.9
2016,山西,12928.3
2016,内蒙古,18632.6
2016,辽宁,22037.9
2016,吉林,14886.2
2016,黑龙江,15386.1
2016,上海,27466.2
2016,江苏,76086.2
2016,浙江,46485.0
2016,安徽,24117.9
2016,福建,28519.2
2016,江西,18364.4
2016,山东,67008.2
2016,河南,40160.0
2016,湖北,32297.9
2016,湖南,31244.7
2016,广东,79512.1
2016,广西,18245.1
2016,海南,4044.5
2016,重庆,17558.8
2016,四川,32680.5
2016,贵州,11734.4
2016,云南,14870.0
2016,西藏,1150.1
2016,陕西,19165.4
2016,甘肃,7152.0
2016,青海,2572.5
2016,宁夏,3150.1
2016,新疆,9617.2
2017,北京,28014.9
2017,天津,18549.2
2017,河北,34016.3
2017,山西,15528.4
2017,内蒙古,16096.2
2017,辽宁,23409.2
2017,吉林,14944.5
2017,黑龙江,15902.7
2017,上海,30633.0
2017,江苏,85869.8
2017,浙江,51768.3
2017,安徽,27018.0
2017,福建,32182.1
2017,江西,20006.3
2017,山东,72634.2
2017,河南,44552.8
2017,湖北,35478.1
2017,湖南,33903.0
2017,广东,89705.2
2017,广西,18523.3
2017,海南,4462.5
2017,重庆,19424.7
2017,四川,36980.2
2017,贵州,13540.8
2017,云南,16376.3
2017,西藏,1311.0
2017,陕西,21898.8
2017,甘肃,7460.0
2017,青海,2624.8
2017,宁夏,3443.6
2017,新疆,10882.0
2018,北京,30320.0
2018,天津,18809.6
2018,河北,36010.3
2018,山西,16818.1
2018,内蒙古,17289.2
2018,辽宁,25315.4
2018,吉林,15074.6
2018,黑龙江,16361.6
2018,上海,32679.9
2018,江苏,92595.4
2018,浙江,56197.2
2018,安徽,30006.9
2018,福建,35804.0
2018,江西,21984.8
2018,山东,76469.7
2018,河南,48055.9
2018,湖北,39366.6
2018,湖南,36425.8
2018,广东,97277.8
2018,广西,20352.5
2018,海南,4832.1
2018,重庆,20363.2
2018,四川,40678.1
2018,贵州,14806.5
2018,云南,17881.1
2018,西藏,1477.6
2018,陕西,24438.3
2018,甘肃,8246.1
2018,青海,2865.2
2018,宁夏,3705.2
2018,新疆,12199.1
2019,北京,35371.3
2019,天津,14104.3
2019,河北,35104.5
2019,山西,17026.7
2019,内蒙古,17212.5
2019,辽宁,24909.5
2019,吉林,11726.8
2019,黑龙江,13612.7
2019,上海,38155.3
2019,江苏,99631.5
2019,浙江,62352.0
2019,安徽,37114.0
2019,福建,42395.0
2019,江西,24757.5
2019,山东,71067.5
2019,河南,54259.2
2019,湖北,45828.3
2019,湖南,39752.1
2019,广东,107671.1
2019,广西,21237.1
2019,海南,5309.0
2019,重庆,23605.8
2019,四川,46615.8
2019,贵州,16769.3
2019,云南,23223.8
2019,西藏,1697.8
2019,陕西,25793.2
2019,甘肃,8718.3
2019,青海,2966.0
2019,宁夏,3748.5
2019,新疆,13597.1